Old URL;NEW URL
bloomex.com.au/Designers-Collection/Designer-Sympathy-Collection-I.html;bloomex.com.au/Designers-Collection/Designer-Collection-Sympathy-I.html
bloomex.com.au/Designers-Collection/Designer-Sympathy-Collection-II.html;bloomex.com.au/Designers-Collection/Designer-Collection-Sympathy-II.html
bloomex.com.au/Designers-Collection/Designer-Sympathy-Collection-III.html;bloomex.com.au/Designers-Collection/Designer-Collection-Sympathy-III.html
bloomex.com.au/Specials/Designers-Collection/Designer-Sympathy-Collection-IV.html;bloomex.com.au/Specials/Designers-Collection/Designer-Collection-Sympathy-IV.html
bloomex.com.au/Birthday-Flowers/Love-and-Laughter.html;bloomex.com.au/Birthday-Flowers/Lavender-Love.html
bloomex.com.au/Sympathy-Funeral-Flowers/Beautiful-in-Blue.html;bloomex.com.au/Sympathy-Funeral-Flowers/White-and-Blue-Bliss.html
bloomex.com.au/Birthday-Flowers/Splendid-Spring.html;bloomex.com.au/Birthday-Flowers/Pastel-Posy.html
bloomex.com.au/Occasions/Birthday-Flowers-Gifts/Season-of-Splendor.html;bloomex.com.au/Occasions/Birthday-Flowers-Gifts/Autumn-Garden.html
bloomex.com.au/Birthday-Flowers/Cotton-Candy.html;bloomex.com.au/Birthday-Flowers/Sugar-and-Spice.html
bloomex.com.au/Birthday-Flowers/Pink-Passion.html;bloomex.com.au/Birthday-Flowers/Blushing-Bouquet.html
bloomex.com.au/Occasions/Birthday-Flowers-Gifts/Revitalising-Aromas.html;bloomex.com.au/Occasions/Birthday-Flowers-Gifts/Revitalising-Aromas.html
bloomex.com.au/Birthday-Flowers/Dragonfly.html;bloomex.com.au/Birthday-Flowers/Magical-Mixture.html
bloomex.com.au/Birthday-Flowers/Blue-Horizons.html;bloomex.com.au/Birthday-Flowers/Open-Skies.html
bloomex.com.au/Birthday-Flowers/Starlight-Serenade.html;bloomex.com.au/Birthday-Flowers/Twilight-Ballad.html
bloomex.com.au/Occasions/Birthday-Flowers-Gifts/Morning-Bright.html;bloomex.com.au/Occasions/Birthday-Flowers-Gifts/Sunrise-Bouquet.html
bloomex.com.au/Occasions/Birthday-Flowers-Gifts/Special-Surprise.html;bloomex.com.au/Occasions/Birthday-Flowers-Gifts/Special-Surprise.html
bloomex.com.au/Birthday-Flowers/Beachside-Bliss.html;bloomex.com.au/Birthday-Flowers/Summer-Celebrations.html
bloomex.com.au/Occasions/Birthday-Flowers-Gifts/Sizzling-Bouquet.html;bloomex.com.au/Occasions/Birthday-Flowers-Gifts/Sizzling-Bouquet.html
bloomex.com.au/Birthday-Flowers/Citrus-Kissed.html;bloomex.com.au/Birthday-Flowers/Zesty-Bouquet.html
bloomex.com.au/Occasions/Birthday-Flowers-Gifts/Smattering-of-Summer.html;bloomex.com.au/Occasions/Birthday-Flowers-Gifts/Smattering-of-Summer.html
bloomex.com.au/Birthday-Flowers/Heavenly-Hamptons.html;bloomex.com.au/Birthday-Flowers/Oceanside-Heaven.html
bloomex.com.au/Birthday-Flowers/Swept-Away-Bouquet.html;bloomex.com.au/Birthday-Flowers/Crimson-Swirls.html
bloomex.com.au/Birthday-Flowers/Purple-Perfection.html;bloomex.com.au/Birthday-Flowers/Passion-and-Panache.html
bloomex.com.au/Occasions/Birthday-Flowers-Gifts/Always-Forever.html;bloomex.com.au/Occasions/Birthday-Flowers-Gifts/Always-Forever.html
bloomex.com.au/Birthday-Flowers/Love-and-Devotion.html;bloomex.com.au/Birthday-Flowers/Simply-Stunning.html
bloomex.com.au/Anniversary-Flowers/Roses-and-Pearls.html;bloomex.com.au/Anniversary-Flowers/Rouge-and-Roses.html
bloomex.com.au/Anniversary-Flowers/Always-a-Lady.html;bloomex.com.au/Anniversary-Flowers/Captivating.html
bloomex.com.au/Perfect-Pink.html;bloomex.com.au/Coral-Cavalcade.html
bloomex.com.au/Occasions/Birthday-Flowers-Gifts/Majestic-Moments.html;bloomex.com.au/Occasions/Birthday-Flowers-Gifts/Majestic-Moments.html
bloomex.com.au/Anniversary-Flowers/Love-s-Rush.html;bloomex.com.au/Anniversary-Flowers/Fabulous-Bouquet.html
bloomex.com.au/Occasions/Congratulations-Flowers/Red-Rapture.html;bloomex.com.au/Occasions/Congratulations-Flowers/Ravishing-Radiance.html
bloomex.com.au/Anniversary-Flowers/Recipe-for-Romance.html;bloomex.com.au/Anniversary-Flowers/Romantic-Getaway.html
bloomex.com.au/Sympathy-Funeral-Flowers/Celestial-Love.html;bloomex.com.au/Sympathy-Funeral-Flowers/Heavenly-Bodies.html
bloomex.com.au/Occasions/Sympathy-Funeral-Flowers/Bright-Memories.html;bloomex.com.au/Occasions/Sympathy-Funeral-Flowers/Bright-Memories.html
bloomex.com.au/Sympathy-Funeral-Flowers/Peaceful-White-Lilies.html;bloomex.com.au/Sympathy-Funeral-Flowers/Dignified-Lilies.html
bloomex.com.au/Occasions/Sympathy-Funeral-Flowers/Heart-Shaped-Hues.html;bloomex.com.au/Occasions/Sympathy-Funeral-Flowers/Heart-Shaped-Hues.html
bloomex.com.au/Occasions/Sympathy-Funeral-Flowers/Lavish-Love.html;bloomex.com.au/Occasions/Sympathy-Funeral-Flowers/Lavish-Love.html
bloomex.com.au/Occasions/Sympathy-Funeral-Flowers/Graceful-White-Bouquet.html;bloomex.com.au/Occasions/Sympathy-Funeral-Flowers/Graceful-White-Bouquet.html
bloomex.com.au/Sympathy-Funeral-Flowers/Your-Light-Shines.html;bloomex.com.au/Sympathy-Funeral-Flowers/Shining-Memories.html
bloomex.com.au/Occasions/Sympathy-Funeral-Flowers/Vivid-Memories.html;bloomex.com.au/Occasions/Sympathy-Funeral-Flowers/Vivid-Memories.html
bloomex.com.au/Occasions/Sympathy-Funeral-Flowers/Traditional-Tribute.html;bloomex.com.au/Occasions/Sympathy-Funeral-Flowers/Traditional-Tribute.html
bloomex.com.au/Occasions/Sympathy-Funeral-Flowers/Warm-Regards-Bouquet.html;bloomex.com.au/Occasions/Sympathy-Funeral-Flowers/Warm-Regards-Bouquet.html
bloomex.com.au/Occasions/Sympathy-Funeral-Flowers/Pink-Potpourri-Bouquet.html;bloomex.com.au/Occasions/Sympathy-Funeral-Flowers/Sublime-Sentiments.html
bloomex.com.au/Occasions/Sympathy-Funeral-Flowers/Purest-Love.html;bloomex.com.au/Occasions/Sympathy-Funeral-Flowers/Fairest-Sentiments.html
bloomex.com.au/Occasions/Sympathy-Funeral-Flowers/Elegant-Rose-Arrangement.html;bloomex.com.au/Occasions/Sympathy-Funeral-Flowers/Elegant-Rose-Arrangement.html
bloomex.com.au/Occasions/Sympathy-Funeral-Flowers/Bright-Spirits.html;bloomex.com.au/Occasions/Sympathy-Funeral-Flowers/Bright-Spirits.html
bloomex.com.au/Sympathy-Funeral-Flowers/Rose-Romanesque.html;bloomex.com.au/Sympathy-Funeral-Flowers/Rose-Compassion.html
bloomex.com.au/Sympathy-Funeral-Flowers/Forever-Beloved.html;bloomex.com.au/Sympathy-Funeral-Flowers/Red-Rose-Condolence.html
bloomex.com.au/Occasions/Sympathy-Funeral-Flowers/Ray-of-Light-Casket-Spray.html;bloomex.com.au/Occasions/Sympathy-Funeral-Flowers/Ray-of-Light-Casket-Spray.html
bloomex.com.au/Occasions/Sympathy-Funeral-Flowers/Uplifting-Bouquet.html;bloomex.com.au/Occasions/Sympathy-Funeral-Flowers/Uplifting-Bouquet.html
bloomex.com.au/Sympathy-Funeral-Flowers/Rose-Tribute.html;bloomex.com.au/Sympathy-Funeral-Flowers/Red-Rose-Eulogy.html
bloomex.com.au/Occasions/Sympathy-Funeral-Flowers/Vibrant-Red-Whites.html;bloomex.com.au/Occasions/Sympathy-Funeral-Flowers/Vibrant-Red-Whites.html
bloomex.com.au/Occasions/Sympathy-Funeral-Flowers/Red-Rose-Heart.html;bloomex.com.au/Occasions/Sympathy-Funeral-Flowers/Red-Rose-Heart.html
bloomex.com.au/Occasions/Sympathy-Funeral-Flowers/Radiant-Care-Spray.html;bloomex.com.au/Occasions/Sympathy-Funeral-Flowers/Radiant-Care-Spray.html
bloomex.com.au/Occasions/Sympathy-Funeral-Flowers/Elegant-Lily-Arrangement.html;bloomex.com.au/Occasions/Sympathy-Funeral-Flowers/Elegant-Lily-Arrangement.html
bloomex.com.au/Designers-Collection/Designer-Sympathy-Collection-I.html;bloomex.com.au/Designers-Collection/Designer-Collection-Sympathy-I.html
bloomex.com.au/Designers-Collection/Designer-Sympathy-Collection-II.html;bloomex.com.au/Designers-Collection/Designer-Collection-Sympathy-II.html
bloomex.com.au/Designers-Collection/Designer-Sympathy-Collection-III.html;bloomex.com.au/Designers-Collection/Designer-Collection-Sympathy-III.html
bloomex.com.au/Specials/Designers-Collection/Designer-Sympathy-Collection-IV.html;bloomex.com.au/Specials/Designers-Collection/Designer-Collection-Sympathy-IV.html
bloomex.com.au/Birthday-Flowers/Love-and-Laughter.html;bloomex.com.au/Birthday-Flowers/Lavender-Love.html
bloomex.com.au/Sympathy-Funeral-Flowers/Beautiful-in-Blue.html;bloomex.com.au/Sympathy-Funeral-Flowers/White-and-Blue-Bliss.html
bloomex.com.au/Birthday-Flowers/Splendid-Spring.html;bloomex.com.au/Birthday-Flowers/Pastel-Posy.html
bloomex.com.au/Occasions/Birthday-Flowers-Gifts/Season-of-Splendor.html;bloomex.com.au/Occasions/Birthday-Flowers-Gifts/Autumn-Garden.html
bloomex.com.au/Birthday-Flowers/Cotton-Candy.html;bloomex.com.au/Birthday-Flowers/Sugar-and-Spice.html
bloomex.com.au/Birthday-Flowers/Pink-Passion.html;bloomex.com.au/Birthday-Flowers/Blushing-Bouquet.html
https://stage1.amazon.bloomex.com.au/Birthday/Sweet-Tenderness.html;bloomex.com.au/Occasions/Birthday-Flowers-Gifts/Revitalising-Aromas.html
bloomex.com.au/Birthday-Flowers/Dragonfly.html;bloomex.com.au/Birthday-Flowers/Magical-Mixture.html
bloomex.com.au/Birthday-Flowers/Blue-Horizons.html;bloomex.com.au/Birthday-Flowers/Open-Skies.html
bloomex.com.au/Birthday-Flowers/Starlight-Serenade.html;bloomex.com.au/Birthday-Flowers/Twilight-Ballad.html
bloomex.com.au/Occasions/Birthday-Flowers-Gifts/Morning-Bright.html;bloomex.com.au/Occasions/Birthday-Flowers-Gifts/Sunrise-Bouquet.html
https://stage1.amazon.bloomex.com.au/Birthday/Simply-Sweet.html;bloomex.com.au/Occasions/Birthday-Flowers-Gifts/Special-Surprise.html
bloomex.com.au/Birthday-Flowers/Beachside-Bliss.html;bloomex.com.au/Birthday-Flowers/Summer-Celebrations.html
https://stage1.amazon.bloomex.com.au/Birthday/Strikingly-Chic.html;bloomex.com.au/Occasions/Birthday-Flowers-Gifts/Sizzling-Bouquet.html
bloomex.com.au/Birthday-Flowers/Citrus-Kissed.html;bloomex.com.au/Birthday-Flowers/Zesty-Bouquet.html
https://stage1.amazon.bloomex.com.au/Birthday-Flowers/Grass-is-Greener.html;bloomex.com.au/Occasions/Birthday-Flowers-Gifts/Smattering-of-Summer.html
bloomex.com.au/Birthday-Flowers/Heavenly-Hamptons.html;bloomex.com.au/Birthday-Flowers/Oceanside-Heaven.html
bloomex.com.au/Birthday-Flowers/Swept-Away-Bouquet.html;bloomex.com.au/Birthday-Flowers/Crimson-Swirls.html
bloomex.com.au/Birthday-Flowers/Purple-Perfection.html;bloomex.com.au/Birthday-Flowers/Passion-and-Panache.html
https://stage1.amazon.bloomex.com.au/Birthday-Flowers/Rubies-Roses.html;bloomex.com.au/Occasions/Birthday-Flowers-Gifts/Always-Forever.html
bloomex.com.au/Birthday-Flowers/Love-and-Devotion.html;bloomex.com.au/Birthday-Flowers/Simply-Stunning.html
bloomex.com.au/Anniversary-Flowers/Roses-and-Pearls.html;bloomex.com.au/Anniversary-Flowers/Rouge-and-Roses.html
bloomex.com.au/Anniversary-Flowers/Always-a-Lady.html;bloomex.com.au/Anniversary-Flowers/Captivating.html
bloomex.com.au/Perfect-Pink.html;bloomex.com.au/Coral-Cavalcade.html
https://stage1.amazon.bloomex.com.au/Birthday-Flowers/Glorious-Day.html;bloomex.com.au/Occasions/Birthday-Flowers-Gifts/Majestic-Moments.html
bloomex.com.au/Anniversary-Flowers/Love-s-Rush.html;bloomex.com.au/Anniversary-Flowers/Fabulous-Bouquet.html
bloomex.com.au/Occasions/Congratulations-Flowers/Red-Rapture.html;bloomex.com.au/Occasions/Congratulations-Flowers/Ravishing-Radiance.html
bloomex.com.au/Anniversary-Flowers/Recipe-for-Romance.html;bloomex.com.au/Anniversary-Flowers/Romantic-Getaway.html
bloomex.com.au/Sympathy-Funeral-Flowers/Celestial-Love.html;bloomex.com.au/Sympathy-Funeral-Flowers/Heavenly-Bodies.html
https://stage1.amazon.bloomex.com.au/Occasions/Sympathy-Funeral-Flowers/Beautiful-Dreams.html;bloomex.com.au/Occasions/Sympathy-Funeral-Flowers/Bright-Memories.html
bloomex.com.au/Sympathy-Funeral-Flowers/Peaceful-White-Lilies.html;bloomex.com.au/Sympathy-Funeral-Flowers/Dignified-Lilies.html
https://stage1.amazon.bloomex.com.au/Occasions/Sympathy-Funeral-Flowers/Loving-Heart-Tribute.html;bloomex.com.au/Occasions/Sympathy-Funeral-Flowers/Heart-Shaped-Hues.html
https://stage1.amazon.bloomex.com.au/Occasions/Sympathy-Funeral-Flowers/Sweet-Sincerity.html;bloomex.com.au/Occasions/Sympathy-Funeral-Flowers/Lavish-Love.html
https://stage1.amazon.bloomex.com.au/Occasions/Sympathy-Funeral-Flowers/Gift-of-Grace.html;bloomex.com.au/Occasions/Sympathy-Funeral-Flowers/Graceful-White-Bouquet.html
bloomex.com.au/Sympathy-Funeral-Flowers/Your-Light-Shines.html;bloomex.com.au/Sympathy-Funeral-Flowers/Shining-Memories.html
https://stage1.amazon.bloomex.com.au/Sympathy-Funeral/Tender-Tribute.html;bloomex.com.au/Occasions/Sympathy-Funeral-Flowers/Vivid-Memories.html
https://stage1.amazon.bloomex.com.au/Sympathy-Funeral/Cherished-Memories.html;bloomex.com.au/Occasions/Sympathy-Funeral-Flowers/Traditional-Tribute.html
https://stage1.amazon.bloomex.com.au/Occasions/Sympathy-Funeral-Flowers/Sentiments-Bouquet.html;bloomex.com.au/Occasions/Sympathy-Funeral-Flowers/Warm-Regards-Bouquet.html
bloomex.com.au/Occasions/Sympathy-Funeral-Flowers/Pink-Potpourri-Bouquet.html;bloomex.com.au/Occasions/Sympathy-Funeral-Flowers/Sublime-Sentiments.html
bloomex.com.au/Occasions/Sympathy-Funeral-Flowers/Purest-Love.html;bloomex.com.au/Occasions/Sympathy-Funeral-Flowers/Fairest-Sentiments.html
https://stage1.amazon.bloomex.com.au/Sympathy-Funeral/Rose-Impression.html;bloomex.com.au/Occasions/Sympathy-Funeral-Flowers/Elegant-Rose-Arrangement.html
https://stage1.amazon.bloomex.com.au/Sympathy-Funeral/Sunny-Memories.html;bloomex.com.au/Occasions/Sympathy-Funeral-Flowers/Bright-Spirits.html
bloomex.com.au/Sympathy-Funeral-Flowers/Rose-Romanesque.html;bloomex.com.au/Sympathy-Funeral-Flowers/Rose-Compassion.html
bloomex.com.au/Sympathy-Funeral-Flowers/Forever-Beloved.html;bloomex.com.au/Sympathy-Funeral-Flowers/Red-Rose-Condolence.html
https://stage1.amazon.bloomex.com.au/Sympathy-Funeral/Graceful-Grandeur-Casket-Spray.html;bloomex.com.au/Occasions/Sympathy-Funeral-Flowers/Ray-of-Light-Casket-Spray.html
https://stage1.amazon.bloomex.com.au/Sympathy-Funeral/Ever-Upward-Bouquet.html;bloomex.com.au/Occasions/Sympathy-Funeral-Flowers/Uplifting-Bouquet.html
bloomex.com.au/Sympathy-Funeral-Flowers/Rose-Tribute.html;bloomex.com.au/Sympathy-Funeral-Flowers/Red-Rose-Eulogy.html
https://stage1.amazon.bloomex.com.au/Sympathy-Funeral/Memories-to-Treasure.html;bloomex.com.au/Occasions/Sympathy-Funeral-Flowers/Vibrant-Red-Whites.html
https://stage1.amazon.bloomex.com.au/Sympathy-Funeral/Blessed-Heart.html;bloomex.com.au/Occasions/Sympathy-Funeral-Flowers/Red-Rose-Heart.html
https://stage1.amazon.bloomex.com.au/Sympathy-Funeral/Care-and-Compassion-Spray.html;bloomex.com.au/Occasions/Sympathy-Funeral-Flowers/Radiant-Care-Spray.html
https://stage1.amazon.bloomex.com.au/Sympathy-Funeral/Loving-Lilies.html;bloomex.com.au/Occasions/Sympathy-Funeral-Flowers/Elegant-Lily-Arrangement.html

