bloomex.com.au/Roses/Radiant-Roses.html;bloomex.com.au/Roses/3-Red-Roses.html
bloomex.com.au/Roses/Crazy-for-You-Bouquet.html;bloomex.com.au/Roses/Lovers-Delight.html
bloomex.com.au/Birthday-Flowers/What-a-Treat.html;bloomex.com.au/Birthday-Flowers/Jubilee.html
bloomex.com.au/Birthday-Flowers/Enchanted-Cottage.html;bloomex.com.au/Birthday-Flowers/White-and-Lavender-Bouquet.html
bloomex.com.au/Birthday-Flowers/Purely-Spectacular.html;bloomex.com.au/Birthday-Flowers/Joy-and-Harmony.html
bloomex.com.au/Occasions/Birthday-Flowers-Gifts/Melt-My-Heart.html;bloomex.com.au/Occasions/Birthday-Flowers-Gifts/Extravagance.html
bloomex.com.au/Birthday-Flowers/Loves-Divine.html;bloomex.com.au/Birthday-Flowers/Premium-White-and-Red-Roses.html
bloomex.com.au/Pink-Blush.html;bloomex.com.au/Fuchsia-Bouquet.html
bloomex.com.au/Sympathy-Funeral/Serenity-Wreath.html;bloomex.com.au/Sympathy-Funeral/Classic-Sympathy-Wreath.html
bloomex.com.au/Just-Because/Scrumptious-Blossoms.html;bloomex.com.au/Just-Because/Tasteful-Blooms.html
bloomex.com.au/Occasions/Just-Because/Laura-s-Creation.html;bloomex.com.au/Occasions/Just-Because/Rose-Orchestra.html
bloomex.com.au/Birthday-Flowers/XOXO.html;bloomex.com.au/Birthday-Flowers/Lots-of-Love.html
bloomex.com.au/Birthday-Flowers/Lucky-Lady.html;bloomex.com.au/Birthday-Flowers/Pink-and-Cream-Bouquet.html
bloomex.com.au/Occasions/Birthday-Flowers-Gifts/Serendipity.html;bloomex.com.au/Occasions/Birthday-Flowers-Gifts/Fragrant-Fancy.html
bloomex.com.au/Occasions/Congratulations-Flowers/Teddy-Bear-Bouquet.html;bloomex.com.au/Occasions/Congratulations-Flowers/Teddy-Bear-Beauty.html
bloomex.com.au/Congratulations-Flowers/Here-s-to-You.html;bloomex.com.au/Congratulations-Flowers/Colourful-Caboodle.html
bloomex.com.au/Roses/One-Dozen-Sweet-Expression-Roses.html;bloomex.com.au/Roses/Rose-Sentiments.html
bloomex.com.au/Designers-Collection/Designer-s-Collection-I.html;bloomex.com.au/Designers-Collection/Designer-Collection-I.html
bloomex.com.au/Designers-Collection/Designer-s-Collection-II.html;bloomex.com.au/Designers-Collection/Designer-Collection-II.html
bloomex.com.au/Designers-Collection/Designer-s-Collection-III.html;bloomex.com.au/Designers-Collection/Designer-Collection-III.html
bloomex.com.au/Designers-Collection/Birthday-Designer-Collection-I.html;bloomex.com.au/Designers-Collection/Designer-Collection-Birthday-I.html
bloomex.com.au/Designers-Collection/Birthday-Designer-Collection-II.html;bloomex.com.au/Designers-Collection/Designer-Collection-Birthday-II.html
bloomex.com.au/Designers-Collection/Birthday-Designer-Collection-III.html;bloomex.com.au/Designers-Collection/Designer-Collection-Birthday-III.html
bloomex.com.au/Specials/Designers-Collection/Birthday-Designer-Collection-IV.html;bloomex.com.au/Specials/Designers-Collection/Designer-Collection-Birthday-IV.html
bloomex.com.au/Designers-Collection/Anniversary-Designer-Collection-I.html;bloomex.com.au/Designers-Collection/Designer-Collection-Anniversary-I.html
bloomex.com.au/Designers-Collection/Anniversary-Designer-Collection-II.html;bloomex.com.au/Designers-Collection/Designer-Collection-Anniversary-II.html
bloomex.com.au/Designers-Collection/Anniversary-Designer-Collection-III.html;bloomex.com.au/Designers-Collection/Designer-Collection-Anniversary-III.html
bloomex.com.au/Specials/Designers-Collection/Anniversary-Designer-Collection-IV.html;bloomex.com.au/Specials/Designers-Collection/Designer-Collection-Anniversary-IV.html
