264,slider_slider_Holiday Tradition slider AUS (2).jpg,/season-holiday/christmas-flowers-gifts/holiday-tradition-collection/,Holiday Traditioin Gift Hampers Collection,1,0,22,
257,slider_Anniversary banner AUS - NEW.jpg,/occasions/anniversary-flowers/,Anniversary Flowers and Gifts,1,0,21,
122,slider_Birthday.jpg,/occasions/birthday-flowers-gifts/,Birthday Flowers and Gifts,1,0,20,
200,slider_Sweetheart_Collection_slider.jpg,/specials/sweetheart-collection/,Valentines Sweetheart Collection,1,0,19,
266,slider_Table Centerepiece AUS Christmas Slider.jpg,/season-holiday/christmas-flowers-gifts/christmas-centrepieces/,Flowers Christmas Centrepieces,1,0,16,
262,slider_Bloomex GFTH banner 2019(2).jpg,/specials/heart-foundation-gifts-from-the-heart/,Heart Foundation Flowers and Gifts,1,0,13,
197,slider_Mothers_Day_Sweet_Blossoms_Banner_AUS_2018.jpg,/specials/sweet-blossoms-collection/,Sweet Blossoms Collection,1,0,12,
237,slider_Friday_Only_Roses_Specilas_banner_AUS.jpg,/specials/half-price-friday-roses/,Friday Roses Half Price,1,0,11,
243,slider_Hugs_Kisses_AUS_banner.jpg,/specials/hugs-and-kisses-collection/,Hugs and Kisses Collection,1,0,10,
244,slider_Gourmet_Gift_Baskets_Slider_AUS.jpg,/gift-baskets/gourmet-collection/,Gourmet Collection Gift Hampers,1,0,9,
267,slider_Christmas_Gourmet_Collection_AUS Slider.jpg,/gift-baskets/gourmet-collection/,Christmas Gourmet Collection Gift Hampers,1,0,8,
188,slider_designer_collection_50_slider.png,/specials/designer-collection/,Flowers Designer Collection,1,0,7,
214,slider_lindt slider.jpg,/season-holiday/christmas-flowers-gifts/lindt-hamper-collections/,Christmas Lindt Hamper Collections,1,0,6,
202,slider_Mason_Collection_BANNER_SLIDER.jpg,/specials/the-mason-jar-collection/,The Mason jar with Flowers Collection,1,0,5,
220,slider_DC Christmas Slider AUS.jpg,/season-holiday/christmas-flowers-gifts/christmas-designer-collections/,Christmas Flowers Designer Collection,1,0,2,
238,slider_BLX_AU_Sympathy_Flowers_Banner.jpg,/occasions/sympathy-funeral-flowers/,Sympathy and Funeral Flowers delivery,1,0,1,
212,slider_christmas bells slider.jpg,/season-holiday/christmas-flowers-gifts/christmas-bells-collection/,Christmas Bells Collection,1,0,0,
261,slider_Give like Santa - AUS.jpg,/season-holiday/christmas-flowers-gifts/,Christmas Flowers and Gifts,1,0,0,
268,slider_Holiday Basket Specials AUS.jpg,/specials/holiday-gift-basket-specials/,Holiday Gift Hampers,1,0,0,
